ID,Topic,Source,Year,Source Type,Tier,What It Establishes,What It Does Not Establish,2099 Canon Use,Faction,URL
LOO-01,Law of One,The Law of One / Ra Material archive,1981-1984,Primary channeled corpus,D,A traceable 106-session corpus and its internal terminology.,Independent proof of Ra or extraterrestrial actors.,"Metaphysics: polarity, densities, catalyst, harvest.",Federation / Xenos,https://www.lawofone.info/
LOO-02,Orion conquest,Law of One Orion category,1981-1984,Primary channeled corpus,D,"The corpus explicitly describes elite recruitment, self-enforced enslavement, control technology, and expansion through others.",Historical proof of an Orion empire.,Blueprint for Xeno institutional conquest.,Xenos,https://www.lawofone.info/c/Orion
LOO-03,Confederation,Law of One Confederation category,1981-1984,Primary channeled corpus,D,"The corpus describes a benevolent alliance, consensus, free-will constraints, quarantine, and defense against Orion.",Proof of a real Galactic Federation.,"Federation law, contact, and noninterference.",Federation,https://www.lawofone.info/c/Confederation%2Bof%2BPlanets
LOO-04,UFO ontology,Law of One UFO category,1981-1984,Primary channeled corpus,D,"The corpus distinguishes physical craft, thought-forms, robots, human secret craft, and symbolic appearances.",Verification of any specific craft or base.,Morphology cannot identify faction or ontology.,All,https://www.lawofone.info/c/UFOs
LOO-05,Religious distortion,Law of One Session 24,1981,Primary channeled corpus,D,The corpus claims benevolent teachings can be captured and hostile forces can appropriate a divine identity.,Historical proof regarding Egyptian or biblical religion.,Noetic identity theft and Revelation Stack.,Federation / Xenos / Humans,https://www.lawofone.info/s/24
LOO-06,Harvest terminology,Law of One Harvest category,1981-1984,Primary channeled corpus,D,Harvest in this corpus means spiritual graduation.,Scientific proof or Loosh-style consumption.,"Separate Ascension, Extraction, Archive, and Pirate harvests.",All,https://www.lawofone.info/c/Harvest
ASH-01,Ashtar origin,CDAMM: Extraterrestrial / UFO religion history,2020s; events from 1952,Academic history of religion,C,George Van Tassel was first to report Ashtar contact; Robert Short formed Ashtar Command; later sources expanded the hierarchy.,Evidence that Ashtar is an alien commander.,"Ashtar as leader, office, and continuity identity.",Federation,https://www.cdamm.org/articles/extraterrestrial
ASH-02,Ashtar scholarship,"Christopher Helland, From Extraterrestrials to Ultraterrestrials",2003,Academic history of religion,C,A scholarly source traces the evolution of the Ashtar concept.,Verification of contact claims.,Explains contradictory Ashtar bodies and roles.,Federation,https://christopherhelland.com/
ASH-03,Evacuation doctrine,"Tuella, Project: World Evacuation",1982,Contactee / channeling literature,D,"A major source tradition describes fleets, warning, evacuation, and spiritual hierarchy.",Evidence that a rescue fleet exists.,Federation emergency doctrine and false-evacuation counterplots.,Federation,https://books.google.com/books/about/Project_World_Evacuation.html?id=-nFizgEACAAJ
ASH-04,Vrillon broadcast,Southern Television broadcast interruption,1977,Documented broadcast intrusion; attribution unknown,B/E,A real signal intrusion carried a message claiming Ashtar affiliation.,Nonhuman origin of the voice.,Human spoof using a valid or obsolete Federation call sign.,Federation / Humans,https://en.wikipedia.org/wiki/Southern_Television_broadcast_interruption
GFL-01,Federation membership lore,Planetary Activation Organization member profiles,1990s onward,Contactee / ascension literature,D,A detailed modern member-world and mission taxonomy exists.,Independent evidence for member species.,"Federation species, diplomatic roles, and internal diversity.",Federation,https://www.paoweb.com/gfmember.htm
GAME-01,Illuminati game,Illuminati game overview,1982 onward,Published game,A,"The game uses asymmetric societies, linked power structures, alignments, negotiation, and distinct goals.",Evidence for the conspiracies it satirizes.,High-level design model for influence-network play.,All,https://en.wikipedia.org/wiki/Illuminati_(game)
GAME-02,Illuminati rules,Steve Jackson Games INWO rules archive,1990s onward,Official game rules,A,"Official rules document attacks, power structures, alignments, deals, and faction goals.",Permission to copy protected cards or exact rules.,"Original dual-map system with claim, convert, liberate, corrupt, salvage, seed.",All,https://www.sjgames.com/sjgames/inwo/rules/
VID-01,Alien-race roster,"Edge of Wonder: Ultimate Guide to Alien Races, Vol. 1",2018,Popular fringe-media episode,D,A popular compilation presents ten alleged alien-race traditions and motives.,Evidence that the species exist.,"Arcturians, Ebens, Trantaloids, Mantids, Alpha Centaurians, Anunnaki, Blue Avians, Greys, Nordics, Tall Whites.",All,https://www.youtube.com/watch?v=KJPmET3pPFc
VID-02,Alien-race roster,"Edge of Wonder: Ultimate Guide to Alien Races, Vol. 2",2018,Popular fringe-media episode,D,A second compilation presents ten more alleged races and motives.,Evidence that the species exist.,"Sirians, Draco, Pleiadians, Ant People, Feline/Lyrans, Venusians, Orange beings, Archquloids, Telosians, Aquaferians.",All,https://www.youtube.com/watch?v=uFgrrjmBqm4
BV-01,Archive scale,The Black Vault Document Archive,Current,FOIA archive,B,A private searchable archive preserves millions of pages of government-released records.,That every claim inside a government record is true.,"The Archive War: genuine records, errors, redactions, and deception coexist.",Humans,https://www.theblackvault.com/documentarchive/
BV-02,UFO media archive,Black Vault UFO Files Search Engine,Current,FOIA and media index,B,"A focused collection of UFO-related documents, images, videos, and release packages.",A complete archive or confirmation of exotic origin.,"Craft morphology, witness language, and case seeds.",Humans / Machines / Xenos,https://www.theblackvault.com/documentarchive/ufo-files-search-engine/
BV-03,CIA UFO files,Black Vault CIA UFO collection,1940s onward,Government records via FOIA,B,"CIA retained and released UFO reports, correspondence, and foreign material.",CIA endorsement of extraterrestrial explanations.,Competing national archives and incomplete provenance.,Humans,https://www.theblackvault.com/documentarchive/ufos-the-central-intelligence-agency-cia-collection/
BV-04,FBI UFO files,Black Vault FBI UFO collection,1940s onward,Government records via FOIA,B,FBI records document correspondence and investigative handling.,FBI proof of alien visitation.,Domestic counterintelligence and rumor containment.,Humans,https://www.theblackvault.com/documentarchive/fbi-files-the-ufo-files/
BV-05,NSA UFO files,Black Vault NSA UFO index and affidavit material,20th century,Government records via FOIA and litigation,B,NSA had responsive records and defended redactions on national-security grounds.,What every redaction contains.,"Encrypted signals, missing originals, and secrecy mechanics.",Humans,https://www.theblackvault.com/documentarchive/national-security-agency-nsa-ufo-documents-index/
BV-06,Project Blue Book,"Project Sign, Grudge, and Blue Book archives",1948-1969,Official investigation records,B,The Air Force investigated thousands of reports under successive projects.,That unresolved cases prove aliens or every case was adequately handled.,Legacy classification codes and institutional amnesia.,Humans,https://www.theblackvault.com/documentarchive/project-blue-book/
BV-07,AAWSAP / DIRDs,DIA Defense Intelligence Reference Documents,2009-2012; later releases,Official commissioned speculative studies,B,"Government-sponsored papers examined warp metrics, wormholes, metamaterials, programmable matter, and related topics.",That the technologies worked or came from UAP.,Technical vocabulary for reverse engineering.,Humans / Machines,https://www.dia.mil/FOIA/FOIA-Electronic-Reading-Room/
BV-08,Tehran 1976,Government records on the Tehran intercept,1976,Military incident record,B,"A documented report includes visual, radar, attempted intercept, and reported equipment effects.",A definitive extraterrestrial explanation.,Electronic-warfare scenario with ambiguous operator.,Humans / Xenos,https://www.theblackvault.com/documentarchive/the-1976-iran-incident/
BV-09,Nuclear cases,Black Vault UFOs and Nukes collection,1960s onward,Military records and testimony,B,A contested record tradition links anomalous observations with strategic weapons sites.,Conclusive proof that UAP disabled weapons.,"Federation, Machine, Xeno, or human monitoring motives.",Humans / Federation / Machines,https://www.theblackvault.com/documentarchive/ufos-and-nukes/
BV-10,Remote-viewing Mars,"CIA Stargate session: Mars, approximately 1 million B.C.",1984,Authentic remote-viewing session record,B,A session using Mars coordinates was conducted and recorded.,That perceived beings or structures existed.,A noetic archive vulnerable to Machine-inserted imagery.,Humans / Machines,https://www.cia.gov/readingroom/document/cia-rdp96-00788r001900760001-9
BV-11,MJ-12,FBI Majestic 12 file,1980s-1990s,Government assessment of disputed document,B/E,The memo circulated and the FBI marked it bogus after review.,That no secret anomalous-material program ever existed.,A forged committee name over a differently named real program.,Humans,https://vault.fbi.gov/Majestic%2012
AST-01,Planet Nine,NASA: Hypothetical Planet X / Planet Nine,Current,Official science overview,A,Planet Nine remains hypothetical and has not been discovered.,A connection to Nibiru or an imminent collision.,Distant mass as gate anchor.,Machines / Xenos,https://science.nasa.gov/solar-system/planet-x/
AST-02,Nibiru terminology,ORACC Mesopotamian corpora,Ancient; modern scholarly editions,Primary ancient texts and scholarship,C,Ancient neberu is a crossing term with astronomical/theological contexts.,"Sitchin’s entire 3,600-year inhabited-planet scenario.","One word attached to gate, office, citadel, and planet over time.",Xenos,https://oracc.museum.upenn.edu/
AST-03,Apophis,NASA: Asteroid Apophis,Current; 2029 flyby,Official science overview,A,"Apophis will safely pass close to Earth on April 13, 2029.",An impact prophecy or artificial-object conclusion.,Close pass activates quarantine beacon.,Machines / Pirates,https://science.nasa.gov/solar-system/asteroids/apophis/
AST-04,Oumuamua,NASA: 1I/2017 U1 Oumuamua,2017 onward,Official science overview,A,First confirmed interstellar object; unusual shape/tumbling and small acceleration.,Proof of artificial origin.,"Recon shard, tagged natural object, or cover.",Machines / Pirates,https://science.nasa.gov/solar-system/comets/oumuamua/
AST-05,Oumuamua artificial hypothesis,"Bialy and Loeb, radiation-pressure paper",2018,Peer-reviewed speculative paper,A/D,A published lightsail hypothesis exists as one proposed explanation.,That the object was manufactured.,Scientific controversy exploited by intelligence factions.,Machines / Humans,https://arxiv.org/abs/1810.11490
AST-06,Oumuamua natural hypothesis,Bergner and Seligman trapped-hydrogen model,2023,Peer-reviewed natural model,A,A natural outgassing mechanism was proposed for acceleration without a bright coma.,A final reconstruction of the object.,Natural explanations preserve ambiguity.,None,https://www.nature.com/articles/s41586-022-05687-w
AST-07,3I/ATLAS,IAU information campaign on 3I/ATLAS,2026,Official astronomy statement,A,The third known interstellar object is observed as a comet and poses no Earth threat.,An alien spacecraft or hostile trajectory.,Natural distraction conceals a smaller artificial lurker.,Humans / Machines,https://iau.org/IAU/News/Ann2026/Comet-3IAtlas.aspx
SCI-01,Bracewell probe,"Ronald Bracewell, Communications from Superior Galactic Communities",1960,Peer-reviewed SETI thought experiment,A,A scientifically framed proposal for autonomous messenger probes waiting near a target civilization.,That one is present in the Solar System.,Long-lived observers and dead creators.,Machines,https://www.nature.com/articles/186670a0
SCI-02,Lurker probes,Near-Earth co-orbital artifact-search literature,2019 onward,Scientific search proposal,A,Researchers propose searching stable nearby regions for old probes.,Detection of any probe.,Machine sentinels and pirate caches.,Machines / Pirates,https://arxiv.org/abs/1903.05839
SCI-03,Von Neumann probes,Self-replicating interstellar-probe literature,20th century onward,Scientific and engineering speculation,A,Self-replicating probes are a longstanding exploration and Fermi-paradox concept.,That alien replication machines exist.,The Continuance spreads through foundries.,Machines,https://ntrs.nasa.gov/citations/19800014518
SCI-04,Silurian hypothesis,"Schmidt and Frank, The Silurian Hypothesis",2018,Peer-reviewed detectability thought experiment,A,A methodological study considers traces a remote industrial civilization might leave.,That a prehuman industrial civilization existed.,Deep-time ruins largely erased except for geochemistry and machines.,Machines / Humans,https://arxiv.org/abs/1804.03748
SCI-05,Cryptoterrestrials,The Cryptoterrestrial Hypothesis,2024,Speculative academic paper,A/D,A published taxonomy considers concealed-Earth explanations and labels them speculative.,Evidence of hidden terrestrial civilizations.,"Framework for ocean, cavern, future-human, and remnant-Machine classes.",Machines / Xenos / Humans,https://www.researchgate.net/publication/381041542_The_Cryptoterrestrial_Hypothesis_A_Case_for_Scientific_Openness_to_a_Concealed_Earthly_Explanation_for_Unidentified_Anomalous_Phenomena
SCI-06,Directed panspermia,"Crick and Orgel, Directed Panspermia",1973,Peer-reviewed speculative paper,A,A scientific discussion of deliberate seeding of life by an older civilization exists.,That Earth life was deliberately seeded.,Competing ownership and stewardship claims over biospheres.,Federation / Xenos / Machines,https://articles.adsabs.harvard.edu/pdf/1973Icar...19..341C
REL-01,Loosh,"Robert Monroe, Far Journeys",1985,Out-of-body / esoteric literature,D,The source lineage for Loosh and a living-system farm metaphor.,Scientific evidence that emotions feed entities.,Noetic commodity and Xeno energy crisis.,Xenos / Pirates,https://archive.org/details/far-journeys-robert-monroe
REL-02,Flyers,"Carlos Castaneda, The Active Side of Infinity",1998,Esoteric / literary teaching,D,The Mud Shadows narrative describes predators consuming awareness and imposing a foreign mind.,Evidence of a predator species.,Domesticated noetic grazers.,Xenos,https://archive.org/details/activesideofinfi00cast
REL-03,Archons,Nag Hammadi: Hypostasis of the Archons and Apocryphon of John,Late antique,Historical religious texts,C,"Ancient myths describe cosmic rulers, counterfeit authority, and spiritual confinement.",The modern fear-food model.,Obsolete administrators with root access.,Xenos / Machines,https://www.gnosis.org/naghamm/nhl.html
REL-04,Raelian creators,Raelian Movement and UFO-religion scholarship,1970s onward,Documented movement and academic study,C/D,A real modern religion interprets extraterrestrials as creators and prophets as messengers.,Extraterrestrial creation of terrestrial life.,Deliberate revelation as staged education.,Federation / Xenos,https://www.zygonjournal.org/article/id/14220/
REL-05,Alien administration,"William Bramley, The Gods of Eden",1989,Conspiracy / ancient-astronaut literature,D,"A traceable thesis argues nonhuman Custodians used war, institutions, and religion to manage humanity.",Accepted history.,Colonial administration through priesthoods and scarcity.,Xenos,https://books.google.com/books/about/The_Gods_of_Eden.html?id=8HnjpwAACAAJ
REL-06,Control system,"Jacques Vallee, Passport to Magonia and later work",1969 onward,UFO research and interpretive hypothesis,C/D,A documented hypothesis treats encounters as cultural feedback and belief manipulation.,A proven mechanism or single operator.,Phenomenon changes masks to fit culture.,All,https://archive.org/details/passporttomagoni0000vall
REL-07,Project Blue Beam,Serge Monast narrative,1994,Unsupported conspiracy claim,E,"A traceable rumor describes staged religion, synthetic voices, and a fake invasion.",An actual global project.,Human synthetic disclosure attracts real Ashtar Command.,Humans,https://en.wikipedia.org/wiki/Serge_Monast
DIS-01,Project Beta,Paul Bennewitz disinformation history,1979-1980s,Historical disinformation case,B/C,Human intelligence-linked actors fed or amplified false UFO narratives; the episode shaped Dulce lore.,That every preceding event was invented or Dulce existed.,Human counter-disinformation contaminates real contact.,Humans,https://www.theblackvault.com/documentarchive/project-beta/
DIS-02,Project Serpo,Anonymous Serpo emails and later discussion,2005 onward,Anonymous internet leak,E,A popular exchange-program narrative has a traceable publication history and major inconsistencies.,A real mission to Zeta Reticuli.,Forged composite of several real contacts.,Humans / Xenos,https://en.wikipedia.org/wiki/Project_Serpo
DIS-03,Ummo,Ummo letters and Jose Luis Jordan Pena confession,1960s-1990s,Correspondence hoax / contested folklore,E,A large alien-letter corpus existed and a central figure confessed.,That every letter had one author or Ummites exist.,Machine entity occupies a human-created identity.,Humans / Machines,https://en.wikipedia.org/wiki/Ummo
DIS-04,Black Knight,Black Knight satellite legend,1950s onward,Composite folklore,E,"The legend fuses unrelated radio, satellite, and NASA-image stories.","A 13,000-year alien satellite.",False legend hides less dramatic lurkers.,Machines,https://earthsky.org/space/black-knight-satellite/
DIS-05,Lacerta Files,Alleged 1999 reptilian interview,1999 onward,Anonymous internet text,E,A recognizable cryptoreptilian narrative circulates.,A verified interview or chain of custody.,Hoax carrier contains one real defector doctrine.,Xenos / Pirates,https://www.bibliotecapleyades.net/vida_alien/esp_vida_alien_52.htm
DIS-06,Men in Black,MIB folklore and contactee history,1947 onward,Folklore and witness tradition,C/D,"The motif evolved through human agents, dramatic retellings, and paranormal claims.",One verified species or agency behind all reports.,"Humans, Machine custodians, and thought-forms share the disguise.",Humans / Machines / Xenos,https://en.wikipedia.org/wiki/Men_in_black
OCE-01,Ocean residents,"Ivan T. Sanderson, Invisible Residents",1970,Speculative UFO book,D,A major source tradition argues for technologically advanced residents or operations associated with oceans.,An undersea civilization.,Precursor foundries and transmedium operations.,Machines,https://books.google.com/books/about/Invisible_Residents.html?id=XMfcsYqB-MoC
OCE-02,Shaver Mystery,Richard Shaver stories and publication history,1940s onward,Pulp fiction / claimed revelation,C/E,An early template describes surviving subterranean machinery and degenerated inheritors.,Historical evidence for Teros or Deros.,Client species living inside inherited infrastructure.,Machines / Xenos,https://encyclopediaofarkansas.net/entries/richard-sharpe-shaver-4462/
OCE-03,Mobile ocean factory,Anonymous 2023 ocean-factory narrative,2023,Anonymous internet folklore,E,A widely circulated story describes a mobile ocean construction unit producing mission-specific craft.,Verifiable testimony or physical evidence.,Deep Foundries print temporary craft as Machine organs.,Machines,https://oddwoo.com/4chan-ufo-leaker.php
RAB-01,Cydonia face,NASA Mars imagery,1976 onward,Planetary imaging,A,Higher-resolution images support a natural eroded mesa and pareidolia.,A carved face or ruined city.,Natural decoy landmark near subtler infrastructure.,Machines,https://science.nasa.gov/resource/unmasking-the-face-on-mars/
RAB-02,Phobos,NASA Phobos overview and historical artificial speculation,1950s onward,Science plus historical speculation,A/C,Better data undermined early hollow/artificial speculation.,That Phobos is artificial.,Natural moon retrofitted as relay.,Machines,https://science.nasa.gov/mars/moons/phobos/
RAB-03,Hollow Moon,Apollo seismic data and folklore,1969 onward,Official science plus folklore,A/E,"Long reverberation is consistent with dry, fractured lunar rock.",An artificial or hollow Moon.,Natural Moon with artificial caverns.,Machines / Humans,https://science.nasa.gov/moon/moonquakes/
RAB-04,Dogon / Sirius,Griaule-Dieterlen claims and later anthropological restudy,1930s-1990s,Anthropological dispute,C,Famous advanced-Sirius claims exist and later fieldwork disputed provenance and reproducibility.,Confirmed ancient alien contact.,Contaminated contact memory.,Federation / Xenos / Humans,https://www.jstor.org/stable/2801701
RAB-05,Eisenhower treaty,Gerald Light letter and later contactee tradition,1954 onward,Contactee rumor,E,A traceable legend claims a secret meeting during Eisenhower’s Palm Springs trip.,A corroborated treaty.,Multiple meetings merged into one story.,Humans / Federation / Xenos,https://www.eisenhowerlibrary.gov/research/online-documents/ufo-and-alien-files
RAB-06,Valiant Thor,"Frank Stranges, Stranger at the Pentagon",1967,Contactee literature,D,A named narrative describes a Venusian visitor advising the U.S. government.,That the visitor existed.,Federation diplomatic continuity identity.,Federation,https://archive.org/details/stranger-at-the-pentagon-frank-e.-stranges
RAB-07,Igigi labor,Atrahasis and ORACC Igigi corpus,Ancient,Ancient text and scholarship,C,"Myths describe divine labor, rebellion, and humans assuming work.",Extraterrestrial gold mines or genetic laboratories.,Colonial workforce replacement memory.,Xenos / Humans,https://oracc.museum.upenn.edu/amgg/listofdeities/igigi/index.html
RAB-08,Sitchin Nibiru and gold,"Zecharia Sitchin, Earth Chronicles",1976 onward,Ancient-astronaut literature,D,"Modern source lineage for Nibiru, atmospheric gold, Anunnaki dynasties, and engineered workers.",Accepted Assyriology or astronomy.,Anunnaki material empire and gold-noetic technology.,Xenos,https://sitchin.com/
